First Name,Last Name,Age,Email
Andrea,Campbell,46,johnwilliams@example.net
Zachary,Kennedy,67,theresadonaldson@example.net
Andrea,Allen,40,nathanielmendez@example.org
Taylor,Carpenter,37,bruceduran@example.net
Matthew,Walton,80,mirandanewman@example.net
Michelle,Pacheco,64,kimberlyjackson@example.org
Lindsey,Rivera,35,jacquelinekelley@example.net
Anthony,Bean,???,kristinwilliams@example.com
Crystal,Watson,N/A,brian26@example.com
Shelby,Yoder,N/A,imiller@example.net
Michelle,Russo,82,nathan50@example.org
Dustin,Smith,63,garynelson@example.com
Hannah,Taylor,60,zacharypaul@example.com
Erik,Smith,None,patriciahardy@example.net
Paul,Navarro,85,usanders@example.net
Valerie,Morris,92,coreywong@example.net
Regina,Parker,60,joneskaren@example.com
Wendy,Schultz,29,kellystewart@example.com
Gregory,Fox,None,james50@example.org
April,Gray,64,hernandezvictoria@example.org
Curtis,Dodson,66,nelsoneric@example.com
Daniel,Long,59,shawn31@example.org
Jennifer,Sanchez,None,laura53@example.net
Stacy,Zuniga,???,triciarussell@example.com
Benjamin,Hoffman,18,hhaney@example.net
Luis,Ford,23,marcussanders@example.com
Carlos,Ramirez,87,jennifer94@example.net
Bethany,Chambers,99,ohayes@example.org
Carrie,Morgan,78,robert28@example.net
Steven,Dixon,69,steven22@example.org
Zachary,Simpson,19,williamsronnie@example.com
Melissa,Cox,37,pharris@example.com
Francis,Morris,69,iballard@example.org
Michelle,Miller,54,mullinsclaudia@example.com
Michael,Schultz,48,nathan17@example.org
Kimberly,Price,47,frederick89@example.com
Gabriella,Wright,89,qryan@example.com
Brian,Martinez,66,mary21@example.com
Philip,Beck,N/A,robertdixon@example.org
Daniel,Montgomery,57,pnunez@example.org
Susan,Lopez,39,daviskatherine@example.com
Crystal,Green,None,laurenknight@example.org
Jessica,Owens,79,christopher54@example.net
Thomas,Walker,None,pjensen@example.com
Melanie,Griffin,N/A,jason09@example.net
Gregory,Garcia,74,melissapayne@example.com
Tammy,Mitchell,73,haleyjohnson@example.com
Mark,Allen,55,daniel74@example.net
Christine,Thompson,N/A,collinstiffany@example.org
Laurie,Reyes,52,tsanders@example.org
Eric,Austin,None,martinezrebecca@example.org
Yvonne,Nelson,70,jennifer56@example.com
Sara,Thomas,31,matthew64@example.com
Tonya,Ruiz,N/A,velasquezvictoria@example.net
Shannon,Bryant,45,christopher23@example.com
Tasha,Duran,35,stricklandjoseph@example.org
Ronnie,Watts,79,msmith@example.net
William,Smith,48,xnguyen@example.net
Ellen,Adams,74,derrickwilson@example.com
Holly,Sullivan,81,wsmith@example.net
Gary,Stanley,56,alexandercrane@example.net
Robert,Owens,86,pedro24@example.org
Kathleen,Turner,78,sheila79@example.net
Frederick,Freeman,74,dhernandez@example.net
Leslie,Andrews,???,johnyoung@example.org
Gloria,Lewis,N/A,saracompton@example.com
Richard,Duke,None,christine67@example.com
Ryan,Hughes,30,taylorzachary@example.net
Lindsay,Howard,43,lyoung@example.org
Virginia,Spencer,50,llivingston@example.net
Dustin,Branch,N/A,aaronhendricks@example.com
Matthew,Watts,59,katherine20@example.net
Sabrina,Orr,46,haroldbanks@example.org
Michael,Lewis,64,lauragraham@example.org
Mark,Myers,90,kimberlyvargas@example.com
Jason,Simpson,38,ambersalazar@example.org
Stephanie,Smith,54,daniel94@example.com
Fred,Manning,None,richardmcbride@example.org
George,Davis,54,tbishop@example.org
Kelsey,Young,81,tammyperez@example.com
Christina,Gallegos,26,snydersandra@example.net
Willie,Smith,43,erica09@example.net
Vicki,Hendrix,28,cgomez@example.net
Margaret,Perez,62,heatherevans@example.com
Gregory,Owens,57,xjackson@example.net
Sarah,Thomas,N/A,richardpierce@example.org
Keith,Baker,73,phelpshaley@example.com
Jeffrey,Barnett,79,richard42@example.org
Laura,Brown,31,ronaldmosley@example.com
Donna,Fox,80,davisjason@example.net
Gail,Townsend,85,reyesjonathan@example.net
Brian,Hernandez,93,austinbowman@example.com
Jonathan,Lewis,???,dbecker@example.com
Michael,Ruiz,N/A,richardadams@example.net
Steven,Morrison,38,warrenjonathan@example.com
John,Duarte,48,susanpatel@example.com
Emma,Gilmore,80,tmartin@example.org
Timothy,Jones,84,michaelbailey@example.com
Lisa,Patterson,39,charlesmartinez@example.org
Charles,Williams,None,scott67@example.com
Meagan,Smith,55,tiffany29@example.com
Kathy,Pierce,64,aturner@example.org
Veronica,Holden,N/A,khudson@example.org
Sarah,Arnold,86,ingrampaul@example.org
Christine,Carter,58,clogan@example.com
Erin,Wade,None,torressarah@example.com
Jacob,Ramirez,94,courtney92@example.net
Joshua,Harrison,42,jeffrey89@example.net
Christian,Randolph,94,parkpamela@example.net
Richard,Delgado,29,barnettjohn@example.org
Theresa,Anderson,30,jamesjohnson@example.org
Beth,Hunter,74,zimmermanlisa@example.org
Nicholas,Hernandez,52,margaretwilkerson@example.net
Amber,Jenkins,83,kmorrison@example.org
Claire,Martinez,64,clarklori@example.com
Olivia,Parsons,22,hbrady@example.com
Lindsay,Hayes,N/A,baileygabriel@example.net
Preston,Campbell,38,willie57@example.org
Lisa,Avery,47,hector67@example.com
Casey,Wells,None,martinezthomas@example.org
Andrew,Day,91,drice@example.org
Larry,Li,N/A,tanya74@example.net
Zachary,Ellis,48,alisongraves@example.org
Jacob,Nichols,62,vswanson@example.com
Angela,Taylor,None,longglenda@example.org
Victor,Vega,N/A,bruce87@example.org
Jonathan,Wallace,68,lisamelendez@example.com
Raven,Barnes,19,michael82@example.org
Katherine,Williamson,19,mary34@example.com
William,Hernandez,42,lwebb@example.net
Cameron,Duke,34,henrycaroline@example.net
Lisa,Pham,91,tracisantiago@example.net
Raymond,Reed,43,michaelreed@example.org
Patricia,Sherman,98,cynthia63@example.net
Courtney,Macdonald,27,farmerkimberly@example.org
Alexander,Perry,56,cooklauren@example.net
Tonya,Rodriguez,66,kristenarmstrong@example.com
Sean,Bates,18,randallsims@example.com
Bryan,Russell,51,anthonyanthony@example.net
Donald,Osborne,41,sheila02@example.org
Christina,Clark,???,danielwarner@example.org
Danielle,Frazier,47,riveraderek@example.org
Chelsea,Schultz,30,mark08@example.org
Alex,Hooper,95,lisaphillips@example.com
John,Brown,84,stephanieclark@example.net
William,Guerrero,46,youngreginald@example.com
Lance,Roberts,54,amberburton@example.com
Cody,Ellis,23,steven17@example.com
Jack,House,37,amber37@example.net
Samantha,Gonzales,N/A,smithmark@example.com
Victoria,Washington,93,sampsonjamie@example.org
James,Harmon,N/A,tmartinez@example.com
James,Perkins,21,gwendolynware@example.net
Joann,Russell,N/A,daviswendy@example.net
Jennifer,Frank,19,kstone@example.com
Gary,Stone,85,richardpaul@example.org
Candace,Goodman,73,umiller@example.org
Ryan,Newton,55,keithhodges@example.com
Raymond,Wood,90,carrdeborah@example.org
Michael,Scott,N/A,mrivera@example.net
Edgar,Torres,N/A,wayne11@example.org
Jeremiah,Rivera,N/A,wardtracy@example.org
Samantha,Wright,63,michael51@example.net
Megan,Shaffer,52,thomas28@example.com
Jared,Vaughn,68,phillipsmonique@example.net
Theresa,Barrett,71,mariah84@example.net
Laura,Campbell,36,davidevans@example.net
Kristi,Myers,51,jonesryan@example.com
Samantha,Lindsey,92,martinezjames@example.org
William,Hudson,23,ashleyyoung@example.com
Matthew,Smith,33,lduncan@example.com
Terri,King,37,tara09@example.org
Lydia,Price,N/A,anna07@example.org
Jonathan,Long,78,elizabeth99@example.net
Carolyn,Moore,29,twillis@example.org
Yesenia,Rose,56,robinsonabigail@example.com
Frank,Thompson,None,gary25@example.com
Cody,Watkins,75,jcampbell@example.com
Andres,Gomez,50,jennifer84@example.org
Audrey,Ellis,???,kennethkane@example.net
Jenny,Hendrix,83,wchaney@example.org
Hayley,Davis,None,mary58@example.net
Catherine,Simpson,40,gsalazar@example.com
Kyle,Keller,61,victoria93@example.org
Brittney,Bradford,67,lindseywilliams@example.net
Scott,Lucero,N/A,jeanne06@example.net
Travis,Ramirez,N/A,ngarcia@example.com
Bailey,Cooley,45,qking@example.net
Mckenzie,Khan,98,weberdonald@example.org
Brianna,Cooper,22,danieledwards@example.net
Dylan,Arnold,56,mariaboyer@example.org
Brian,Weaver,66,smithjay@example.com
David,Butler,73,jtaylor@example.net
William,Fields,86,aliciahammond@example.net
Allison,Johnson,19,gary23@example.com
Wendy,Christian,20,taylorsteven@example.com
Matthew,Anderson,20,tannergreen@example.net
Brian,Rosales,???,elizabeth65@example.org
Jacqueline,Morris,None,kstevens@example.net
Todd,Brock,54,brandon60@example.com
Stephen,Myers,94,stoutgreg@example.com
Elijah,Norris,78,mgonzalez@example.net
Phyllis,Parker,83,williammcclain@example.org
Clifford,Bradshaw,30,marshallemily@example.org
Richard,Montoya,23,tguerrero@example.net
Martin,Hodges,None,hsmith@example.com
William,Larson,29,tonya69@example.net
Danny,Rivera,N/A,hodgestodd@example.org
Travis,Holt,62,steinnicholas@example.com
Olivia,Dominguez,38,mary82@example.com
Patrick,Webster,32,bonnie70@example.com
James,Weaver,None,velazquezkevin@example.com
Anita,Richards,30,lowens@example.com
Jill,Smith,???,lesliemclaughlin@example.net
Brian,Johnson,None,nashmichael@example.org
Kendra,Barber,None,garrettavila@example.net
Ethan,Porter,81,kgarza@example.com
Jaime,Pacheco,58,eriksmith@example.org
Michael,Salas,91,bryantchristopher@example.net
John,Reyes,18,mromero@example.com
Mason,Fletcher,76,donald97@example.net
Hannah,Howe,40,gibsonmary@example.com
Tammy,Johnson,78,kellywong@example.com
Jessica,Gordon,25,martinkaren@example.org
Susan,Holden,65,stephanie06@example.org
Lisa,Ward,53,johnsonconnor@example.com
Bryan,Robinson,N/A,samanthajarvis@example.org
Katie,Sandoval,19,nbryan@example.com
Carlos,Davis,46,haysjustin@example.net
Elaine,Robinson,74,amanda79@example.net
Amy,Maxwell,48,timothyvaldez@example.com
Ricky,Crosby,21,mackeddie@example.org
Curtis,Stout,???,kellerkimberly@example.com
Alan,Fields,85,suarezrobin@example.com
Jaclyn,Gutierrez,N/A,pchang@example.org
Caroline,Barron,30,icarpenter@example.net
Mary,Bradley,24,udunlap@example.com
Troy,Wise,67,wisenoah@example.com
Justin,Davis,None,perezbrittany@example.net
Alicia,Bryant,22,wleach@example.org
Todd,Norman,20,davismanuel@example.com
Rebecca,Thompson,45,michellewashington@example.org
Erin,Hoffman,82,mitchell00@example.com
Levi,Gomez,20,adrian14@example.com
Kevin,Cooper,28,ashleysharp@example.com
Tammy,Ray,54,mhall@example.net
Jeremy,Richardson,28,omorris@example.org
Marvin,Ortega,38,christopherbryan@example.org
John,Gonzalez,90,marissabaker@example.com
Natalie,Miller,21,ryangolden@example.net
Michael,Richardson,27,daniel49@example.net
Linda,Ford,28,jamespeterson@example.org
Andrea,Cameron,N/A,cduncan@example.org
Emily,Jacobs,74,luis76@example.com
Thomas,Guerrero,22,bryan60@example.org
Austin,Woods,44,jessicalee@example.com
David,Bailey,21,jeremiah07@example.com
Kimberly,Collins,85,vincentamber@example.net
Matthew,Thompson,???,craneandrea@example.org
Olivia,Miller,28,richard58@example.net
Kenneth,Keller,77,rbrown@example.org
Brandon,Conner,23,garystewart@example.com
Angela,Mills,81,micheal16@example.net
Nicholas,Baldwin,92,pcruz@example.com
Joseph,Morton,61,nathanwoods@example.org
Shawn,Ward,19,susan82@example.net
Rebecca,Stuart,41,rdodson@example.com
Jon,Mckinney,27,danielsmegan@example.net
John,Stuart,97,princedawn@example.net
Meredith,Hahn,59,johnsonalex@example.net
Timothy,Lin,96,christopherholden@example.com
William,Martin,80,loriclark@example.com
Christopher,Howard,96,odavidson@example.com
Micheal,Morales,46,jeffrey84@example.com
Robert,Sullivan,67,william89@example.org
Michelle,Graham,59,christian22@example.com
Sandra,Turner,54,isullivan@example.com
Brian,Myers,39,thomas48@example.org
Jamie,Wilcox,70,andrewfletcher@example.net
William,Foley,93,jenningsmargaret@example.com
Erica,Stone,78,gallagherangela@example.com
Aaron,Williamson,33,chelseacurtis@example.com
Karen,Armstrong,76,mary01@example.com
Nicole,Hebert,98,johnbrown@example.net
Robert,Lopez,N/A,swilliamson@example.com
Sarah,Woods,75,cynthiawolfe@example.org
Daniel,Long,48,jennifermartin@example.com
Cody,Holland,21,garciaanne@example.com
Terri,Wells,61,gonzalezkendra@example.com
Kenneth,Ford,54,hernandezbrian@example.net
Christopher,Russell,47,keith74@example.com
Wyatt,Moore,27,gillespiedustin@example.org
Mike,Anderson,18,mackenzieparker@example.org
Eric,Smith,41,mark47@example.org
Jessica,Reed,41,jjohnson@example.net
Michael,Henry,78,xrichardson@example.net
Brian,Brown,95,jamesmartinez@example.net
Joel,Morse,97,matthewpayne@example.com
Randy,Payne,54,alexandraanderson@example.net
Stacy,Jackson,99,ogibson@example.com
Natalie,Gonzalez,87,vreyes@example.com
Jason,Brown,32,fbaker@example.org
Jeffrey,Grant,???,zbaldwin@example.net
Donna,Yang,None,robinsonbailey@example.com
Kim,Patterson,92,richardsontasha@example.org
Brent,Foster,70,lsmith@example.org
Samuel,Davidson,99,uaustin@example.com
Kayla,Acosta,91,david96@example.com
Derrick,Harris,66,vargasrichard@example.org
Gregory,Conrad,26,smithmelissa@example.org
Jasmine,Garcia,62,joshuaalexander@example.org
Ellen,Humphrey,87,johnsonnancy@example.com
David,Combs,50,walkerdarren@example.net
Timothy,Morris,66,boyderica@example.com
Keith,Wood,24,qbaker@example.org
Jessica,Miller,37,jeffreykelly@example.com
James,Harvey,45,mrose@example.com
Kelly,Lynch,50,juan74@example.com
Gabriel,Wagner,47,tinarodgers@example.net
Tiffany,Harding,51,uwilliams@example.net
Todd,Wilson,30,tylerrowe@example.org
Daniel,Russell,67,stephanie44@example.org
Lori,Marshall,53,jonestony@example.net
Erica,Estrada,???,aprilkeith@example.com
Cynthia,Newman,N/A,tracymorgan@example.net
Henry,Reynolds,39,wendyrodriguez@example.com
Logan,Cooper,87,karen29@example.com
Toni,Gomez,69,taylorjessica@example.org
Jason,Love,86,hgould@example.com
Michael,Wright,44,stephensonkevin@example.net
Garrett,Bailey,77,diana60@example.org
Stacy,Esparza,72,drakezachary@example.net
Jeffrey,Martin,18,christinawatson@example.org
Nancy,Hubbard,N/A,wfigueroa@example.org
Madison,Bradshaw,???,hwilson@example.org
Jennifer,Watson,87,brooke63@example.org
Richard,Shannon,21,brownleslie@example.com
Patricia,Schultz,50,vpitts@example.com
Lisa,Ferguson,65,stevensonjames@example.net
Lisa,Allen,61,morrisjames@example.org
Victoria,Jones,82,cmorrison@example.net
Danny,Thompson,71,whitneyjanet@example.org
William,Moore,None,smichael@example.com
Charles,Smith,???,lindsaykennedy@example.net
Linda,Rocha,37,kgardner@example.org
William,Larsen,28,matthew05@example.com
Melissa,Hughes,93,joy36@example.com
Shannon,Ramos,67,riverarebecca@example.com
Antonio,Morse,95,bakerkaren@example.org
Christopher,Watts,60,carrillobailey@example.org
Sonya,Montgomery,N/A,mark00@example.com
Mark,Jackson,75,goodwinmary@example.net
Frank,Munoz,None,blanchardamanda@example.com
Andrew,Aguirre,34,ncampbell@example.com
Lisa,Cherry,44,ccontreras@example.org
Patricia,Hays,N/A,vbarnes@example.net
Kaylee,Gilmore,25,deborahwilliams@example.com
Emily,Perez,???,crawforderika@example.net
Barbara,Henderson,41,mallory20@example.com
James,Miller,60,leonjuan@example.org
Kenneth,Odom,68,baileymonique@example.org
Michael,Jones,20,daniel30@example.com
Misty,Zimmerman,???,lisa40@example.com
Courtney,Montgomery,67,wwoodard@example.net
Andrea,White,84,laurenwalters@example.net
Heather,Obrien,19,olivia88@example.net
Gail,Dodson,48,debra02@example.com
Troy,Thomas,80,frenchsarah@example.org
Cody,Sutton,62,evelyn37@example.net
Richard,Mitchell,None,mcdonaldgabriel@example.org
Christopher,Rodriguez,81,ericburns@example.com
Trevor,Thompson,26,rshields@example.com
Ryan,Riley,48,richardsonamanda@example.net
Tanya,Jackson,75,kaiserjoshua@example.org
Stephanie,Vance,???,sharonbond@example.net
Micheal,Caldwell,None,michael59@example.org
Christina,Kelley,60,ksimmons@example.com
Thomas,Williams,80,mitchelltaylor@example.net
Robert,Williams,93,matthewherrera@example.com
Heather,Schultz,59,patriciavaughan@example.com
Martin,Doyle,None,johnsoncraig@example.com
Lauren,Rodriguez,???,butleramy@example.net
Mathew,Turner,30,rcooper@example.org
Barbara,Cervantes,N/A,aguirrejennifer@example.org
Keith,Perez,33,william98@example.org
Joshua,Rosales,None,stephaniebaker@example.com
Tracy,Mckenzie,55,morenokaren@example.org
Kimberly,Morales,68,oneillstanley@example.net
Stephen,Kelley,None,kmoore@example.com
Brian,Hatfield,???,bwilliamson@example.com
Connie,Wolf,73,plandry@example.net
Kimberly,Reynolds,98,natalieduarte@example.com
Gabrielle,Jones,None,gordonsarah@example.net
Kelly,Tran,36,samuelwebster@example.net
Russell,Ellis,80,jade34@example.com
Julie,Merritt,70,melissaforbes@example.net
Whitney,Daniels,N/A,victoria51@example.com
Melody,Carroll,61,geraldrusso@example.org
Beth,Long,69,davidgentry@example.org
Jennifer,Schmidt,90,gcampbell@example.com
Kyle,Lewis,81,gary22@example.org
Christine,Thomas,88,roberto57@example.net
John,Moore,76,matthewguzman@example.org
Jim,Reyes,None,jenniferjones@example.org
Brandon,Wilson,86,kayla50@example.net
George,Green,44,randybruce@example.com
Kelly,Patrick,23,carmencain@example.org
Juan,Cunningham,47,melanie19@example.net
Matthew,Hodges,20,tinajackson@example.org
Sheila,Carter,53,lfitzgerald@example.net
Carly,Phillips,24,jordan39@example.net
Molly,Holt,74,snyderbrooke@example.net
Dawn,Cisneros,96,perezmichelle@example.org
Spencer,Miller,32,pachecosherry@example.com
Stacy,Holt,79,nathanielbrown@example.org
Michael,Anderson,38,michaelmoreno@example.net
Christina,Carlson,N/A,bateskathy@example.com
Michelle,Anderson,51,ugallagher@example.org
Shari,Young,87,pwilliams@example.org
Austin,Moreno,60,dfrancis@example.com
Lynn,Thompson,94,johnnycox@example.org
Alicia,Nguyen,24,xrivera@example.org
Zachary,Carroll,99,diana05@example.com
Pamela,Mullins,99,gravesgregory@example.net
Angela,Barker,38,hessjennifer@example.net
Michael,Hubbard,64,joe02@example.net
Paul,Simmons,92,dennis96@example.org
William,Morris,46,smithmichael@example.com
Cassandra,Gray,85,kurtmiller@example.org
Carla,Garcia,None,qgutierrez@example.net
Kevin,Carter,40,breynolds@example.com
John,Nelson,79,hlawrence@example.com
Gregory,Gonzales,98,ywade@example.net
Ashley,Mcgrath,25,daniel90@example.org
Jason,Davenport,38,harristony@example.org
Raymond,Lee,63,jessica94@example.org
Mallory,Davis,44,jacobyoung@example.com
Brad,Gonzales,84,ogibson@example.com
Francisco,Yu,43,lukewalters@example.com
Amanda,Johnson,25,vargaswilliam@example.net
Patricia,Jones,84,kim64@example.net
James,Sellers,None,fmarquez@example.net
Darlene,Brown,20,hamptoneric@example.com
Wanda,Conner,N/A,thomashunter@example.org
Kayla,Frank,94,rodriguezjohn@example.net
Shaun,Mason,82,lewismark@example.net
Nathaniel,Carter,21,gkeller@example.org
John,Moore,96,williamsjanice@example.org
Paul,Miller,84,sharon58@example.net
Rachael,Duke,28,pachecostephanie@example.net
Cody,Berry,57,andrewhenry@example.com
Michael,Jenkins,65,underwoodbrian@example.net
Teresa,Goodman,59,judyreyes@example.net
Kenneth,Hall,61,idavidson@example.org
Jared,Gonzalez,91,hernandezchristopher@example.org
Paul,Hoover,73,gbryan@example.com
Matthew,Stewart,N/A,mollyhoward@example.org
Daniel,Edwards,53,tgreen@example.net
Jessica,Mullins,25,millermarc@example.org
Vanessa,Flynn,63,angelamartin@example.com
Courtney,Williams,89,bjones@example.net
Nicole,Bennett,88,kristingross@example.net
Brittany,Gonzalez,???,holauren@example.com
Ryan,Avila,54,allisonteresa@example.com
Jennifer,Castillo,93,johnberg@example.com
Tara,Martin,97,crystaljuarez@example.org
William,Howard,46,leonardjill@example.org
Mary,Adams,54,wallaceerik@example.org
Sean,Burns,34,tinamiller@example.net
Samantha,Valenzuela,23,brandonwilliams@example.org
Patricia,Clark,32,yrobertson@example.net
Steven,English,35,ostevens@example.com
Paul,Rios,N/A,vanessa60@example.com
Micheal,Jones,???,malvarado@example.org
Wesley,Gonzales,???,beverlylopez@example.org
Andrea,Franklin,66,idodson@example.com
Christian,English,???,myoung@example.com
Kelly,Herrera,93,hbrown@example.net
Brian,Duran,52,russellmanning@example.net
Colin,Fields,99,michelle92@example.com
William,Holloway,31,ashleysmith@example.org
Erik,Brown,18,christianmoore@example.net
Julia,Page,???,smithjohn@example.net
David,Brown,66,megan39@example.org
Emily,Nicholson,21,gonzalezdiana@example.net
Jordan,Brown,49,vrobinson@example.org
Deborah,Smith,N/A,oreid@example.com
Andrew,Mccarthy,None,lauraandrews@example.net
Curtis,Weaver,72,peggy48@example.org
Charles,Nguyen,21,burtonjohn@example.net
Ann,Perry,38,kbrown@example.com
Katie,Rogers,47,vmarshall@example.com
Denise,Bailey,62,sherryharding@example.com
Isaac,Moore,37,welchterry@example.net
Christopher,Hamilton,None,ahamilton@example.org
Jackie,Jackson,26,westrobert@example.org
Keith,Hicks,69,choitrevor@example.com
David,Griffin,47,sally54@example.org
Mary,Gray,68,michael59@example.org
Jared,Adams,63,nburns@example.com
Katie,Lewis,71,lmays@example.org
Wanda,Mitchell,None,lwade@example.net
Dean,Thompson,80,arielhurst@example.org
Anthony,Brown,N/A,marshallpatrick@example.net
Judith,Miller,???,melissa74@example.com
Judith,Williams,98,jasonshannon@example.com
Vickie,Munoz,75,jacob99@example.org
Jeremy,Villa,48,codydiaz@example.org
Austin,Ross,???,butlershelby@example.org
Hunter,Spence,88,debrasutton@example.org
Thomas,Monroe,22,michael84@example.net
Glenn,Poole,26,zavaladanielle@example.net
Ashley,Edwards,29,jeremy52@example.org
Bruce,Wolfe,57,williamsclaire@example.com
Shawn,Gonzalez,41,bill52@example.com
Brian,Brown,23,madisonmcgee@example.org
Karen,Taylor,41,maryalvarez@example.com
Matthew,Mitchell,43,michele08@example.com
Christian,Bishop,75,leslie38@example.org
David,Clements,N/A,jessicacisneros@example.net
Ronald,Richardson,86,brownrichard@example.net
Kelly,Mcdonald,79,rvelasquez@example.net
Dana,Macdonald,56,blairsherry@example.com
Mary,Warren,62,derrickwalls@example.net
David,Smith,18,bonniekeller@example.org
Brian,Butler,51,williamsjanice@example.com
Barbara,Smith,28,omalone@example.net
Janet,White,80,duane95@example.net
Kristen,Gomez,91,kimberly57@example.com
John,Hill,29,hahnmolly@example.net
Robert,Spencer,None,charlene34@example.net
Paige,Smith,31,hansenhector@example.org
Grant,Thompson,36,jamesbishop@example.org
Amber,Cox,59,masongary@example.org
Thomas,Hernandez,97,asmith@example.net
Crystal,Burton,42,smithnicholas@example.com
Brian,Johnson,None,sally80@example.net
Christine,Norman,None,tracy66@example.org
Jonathan,Lamb,52,fisherkevin@example.net
Thomas,Aguilar,???,ryoung@example.com
Kevin,Mcintyre,46,vgomez@example.net
Justin,Morgan,N/A,evansnorman@example.net
Christy,Harmon,55,dpierce@example.net
Kelly,Ortiz,99,stacyhammond@example.com
Christopher,Wilson,N/A,landerson@example.org
Heather,Huff,48,jeffrey65@example.com
Mary,Schultz,87,hbradley@example.com
Lawrence,Curtis,None,erika62@example.com
Jonathan,Smith,N/A,susanwalsh@example.org
Patrick,Wyatt,None,davismichelle@example.net
Gary,Wang,???,gregory79@example.com
Lori,Becker,30,davissydney@example.net
Teresa,Smith,25,reginaortiz@example.com
Shannon,Stevens,50,randall60@example.net
Kristin,Mckinney,18,lopezmicheal@example.net
Lisa,Harper,N/A,howard72@example.org
Joseph,Henderson,97,blakedavid@example.org
Scott,Johnson,None,michelle91@example.net
David,Lee,92,lmiller@example.com
Mary,Hernandez,25,logankelsey@example.net
Jason,Hines,N/A,khuffman@example.org
Cynthia,Salazar,None,abigailfreeman@example.com
Amber,Mcgrath,60,mcdonaldbrandy@example.net
Cynthia,Campbell,N/A,hammondelizabeth@example.com
Peter,Vaughn,67,william07@example.net
John,King,71,timothy66@example.com
Ryan,Castillo,44,ginabuck@example.org
Henry,Higgins,87,andrea00@example.net
Christina,Nguyen,75,palmerearl@example.com
Becky,Smith,31,charles45@example.org
Joanna,Hart,77,gonzalezjames@example.org
Jonathan,Harrison,52,sriggs@example.net
William,Decker,25,curtistammy@example.com
Ashley,Sanford,42,adam36@example.net
Nathaniel,Scott,55,lorettajohnson@example.net
Rebecca,Smith,???,dianenichols@example.net
Shawn,Anderson,86,simmonsbrian@example.net
Rebecca,Dunlap,91,olsonalejandro@example.com
Bruce,Price,44,franciscobaker@example.org
Kelly,Sanchez,65,ramseyallison@example.net
Daniel,Nguyen,None,michelle09@example.net
Yvonne,Dunn,???,jasminewood@example.net
Daniel,Smith,None,ronaldrichmond@example.net
Reginald,Johnson,29,brendamorgan@example.org
Christina,Brown,85,randrews@example.com
Shannon,Ramirez,98,richard77@example.net
Ryan,Vasquez,52,kimberlysanchez@example.net
Frances,Allen,63,mitchellsteven@example.org
Michael,Blackwell,N/A,piercefelicia@example.org
Kelly,White,58,jasonmelendez@example.net
Jeff,Cooper,49,derekhall@example.org
Teresa,Barnes,55,brittany39@example.net
Ethan,Brown,31,rebeccaperez@example.net
Anthony,Howard,64,mariafriedman@example.net
Brenda,Bailey,22,ericaryan@example.net
Samuel,Martin,87,nbrown@example.net
Joseph,Johnson,86,angelarussell@example.net
Lynn,Andrews,N/A,gerald31@example.org
Jennifer,Oconnor,59,dixonmarie@example.org
Brent,Simpson,61,jsmith@example.net
Mary,Mccarthy,None,uholmes@example.net
Jo,Estrada,35,kwilson@example.com
Richard,Smith,???,nathan75@example.org
Justin,Cooper,50,jonathanspence@example.net
Danny,Taylor,54,mroy@example.org
Benjamin,Hodges,64,vcampos@example.com
Zachary,Kennedy,65,fcarroll@example.org
Robert,Bentley,26,wsaunders@example.org
Lindsey,Lopez,89,hprice@example.net
Amanda,Becker,N/A,michaelcasey@example.net
Richard,Powell,N/A,htorres@example.com
Christian,Peterson,40,leejeffrey@example.com
Andrew,King,56,heatherdaniels@example.net
Tyler,Johnson,N/A,michealrodriguez@example.com
Max,Carter,30,walterknapp@example.com
Nathan,Page,50,joseph29@example.com
Patricia,Bowen,69,andre97@example.net
Scott,Vincent,44,campbelldavid@example.net
Heather,Rodriguez,86,hknapp@example.org
Jesse,Vaughn,53,jeremydavis@example.com
Carol,Schaefer,???,fortiz@example.org
Philip,Morales,19,fvilla@example.com
James,Wright,92,xphillips@example.net
Angela,Larson,24,lawrenceheath@example.com
James,Ramos,???,rwilson@example.net
Bridget,Santana,79,vjones@example.com
Luis,Hunt,57,kellyjohn@example.net
Kim,Padilla,43,ppierce@example.com
Audrey,Anderson,71,james80@example.net
Pedro,French,80,collinsandrew@example.org
Christina,Smith,87,nhicks@example.org
Angela,Moore,26,bucklisa@example.net
Jessica,Johnson,44,samuel77@example.net
Victoria,Williams,N/A,davidchen@example.net
Annette,Anderson,92,hunterheather@example.org
Robert,Chapman,98,robin50@example.org
Melanie,Miller,42,mcgeekristen@example.net
Travis,Clark,None,buckheidi@example.net
Anthony,Sanchez,???,evelyn71@example.org
Joseph,Bray,71,kiara51@example.net
Amanda,Kim,24,georgegordon@example.net
Joshua,Santiago,???,zmyers@example.com
Connie,Russell,27,danaenglish@example.net
Paul,Harris,79,castroheather@example.com
Jill,Perkins,77,rebeccaestrada@example.com
Hannah,Kirk,N/A,alyssasmith@example.com
Keith,Duffy,None,mallorycole@example.org
Diane,Herring,96,mary23@example.com
Mark,Harris,59,jamie91@example.org
James,Villanueva,96,kdelgado@example.org
Bryan,Lutz,25,david67@example.org
Gary,Duarte,99,amanda27@example.org
Jared,Mcintyre,79,johnsonjason@example.com
Jacqueline,Scott,56,alexandercardenas@example.org
Brandon,Murphy,93,qwalker@example.org
Antonio,Sharp,40,holly12@example.com
Andrew,Collier,29,theresakidd@example.org
John,Reeves,58,imorton@example.net
John,Waller,N/A,adamgarner@example.com
Zachary,Blackburn,57,wellsshelley@example.org
Joseph,Gordon,23,vhayden@example.net
Timothy,Wolfe,???,theodorebryant@example.org
Caroline,Ross,71,stevenvang@example.org
Justin,Collins,25,john50@example.net
Barry,Jones,83,millerisaac@example.com
James,Weiss,44,natasha95@example.org
Julie,Torres,60,bakerrobert@example.net
James,Ford,41,jonathanmoran@example.net
Olivia,Russo,48,zjones@example.com
Emily,Peterson,???,teresa23@example.net
Brent,Walton,54,savannahsantos@example.com
Molly,Lowe,82,johnstonrebecca@example.com
Stacy,Ramirez,???,lisaallen@example.org
Stacy,Hardin,45,rodriguezmary@example.com
Vanessa,Leblanc,76,laranancy@example.org
Holly,Jackson,98,gomezjames@example.org
Devin,Bailey,37,sean60@example.com
Natalie,Vance,None,bperez@example.net
Kristen,Davis,None,icole@example.net
Mark,Lopez,37,rodriguezwilliam@example.net
Travis,Fox,63,spadilla@example.org
Lori,Hicks,N/A,brett70@example.org
Ashley,Kline,31,sgutierrez@example.net
Ryan,Goodman,46,wendycollins@example.org
Erica,Rogers,None,woodwardcourtney@example.net
Charles,Ramirez,89,shannon84@example.net
Becky,Jones,68,oparker@example.org
Frank,Austin,22,roberto39@example.net
Susan,Simon,???,dylanmullins@example.org
David,Kaufman,None,anthony05@example.org
Brittany,Scott,42,ramirezlindsey@example.net
Mark,Dodson,92,ghartman@example.net
Brittany,Hurst,34,amandahebert@example.com
Cory,Mcintosh,73,patrickpeterson@example.org
Joshua,Ramirez,27,jessica98@example.org
David,Jones,None,nathan73@example.org
Marc,Parrish,60,llewis@example.net
Elizabeth,Kline,83,sharon22@example.org
Tina,Faulkner,56,mckeelindsey@example.com
Wanda,Mcguire,33,williamscalvin@example.com
Pamela,Mccullough,???,martinezanthony@example.com
Shane,Robinson,N/A,pagejohn@example.org
Eric,Taylor,85,ericbarber@example.com
Whitney,Christensen,37,umorrison@example.net
Kenneth,Goodwin,37,kristinahudson@example.org
Kevin,Ward,85,danielle74@example.com
George,Maldonado,N/A,mark83@example.com
Anthony,Grant,31,floreskaren@example.com
Roy,Ray,???,ronald91@example.org
Patricia,Allen,56,jennifergarrison@example.org
Victoria,Montgomery,70,brownjoseph@example.org
Melissa,Wells,54,annpope@example.net
Gregory,Nolan,86,david90@example.org
Ryan,Moreno,98,marcus91@example.com
Sharon,Tran,56,johnsonjamie@example.com
Matthew,Greene,61,nathanielpittman@example.com
Brandon,Obrien,34,caldwellcarlos@example.net
Jessica,Monroe,73,sschultz@example.org
Joshua,Howe,51,castromarilyn@example.net
Justin,Brown,69,frankcain@example.org
Patty,Fox,N/A,rschultz@example.org
Tracy,Nicholson,80,fyoung@example.net
Kimberly,Acosta,70,hayley25@example.org
Shelley,Long,???,whitneyrivers@example.com
Lauren,Martinez,65,justincruz@example.org
Gregory,Rowe,63,thompsonsheena@example.net
Brittany,Golden,78,tiffany41@example.org
Craig,Johnson,52,rjohnson@example.org
Michael,Richards,39,jkline@example.org
Hannah,Johnson,77,dawnschroeder@example.com
Paul,Mills,26,fcarpenter@example.net
Tina,Khan,49,fernandezkimberly@example.com
Peggy,Barrett,82,kristengarcia@example.org
Carrie,Noble,26,brandy06@example.com
Stephen,Mcgrath,80,khughes@example.com
Rachel,Mcdonald,41,johngarner@example.com
Janet,Kim,None,brittanygregory@example.com
Michael,Harris,95,ronald73@example.com
Bryan,West,71,dmeadows@example.com
Tina,Miller,48,andersondaniel@example.com
Jesse,Taylor,68,craiglisa@example.com
Timothy,Smith,22,privera@example.org
Caitlin,Taylor,N/A,frederickbrowning@example.net
Daniel,Torres,58,hharris@example.org
Michael,Douglas,58,aaronrodriguez@example.org
Christine,Ray,89,gmcintyre@example.net
Valerie,Perkins,55,billypowell@example.org
David,Cook,28,amybray@example.com
Jacqueline,Martin,N/A,vfrazier@example.com
William,Evans,90,daniel39@example.net
Wayne,Clay,34,raymondgibson@example.com
Rebecca,Navarro,N/A,webbkevin@example.org
Cheryl,Salazar,28,kennethcross@example.org
Brian,Morales,39,russellelliott@example.com
Stephanie,Kelly,24,samuelmcpherson@example.org
John,James,N/A,meagan67@example.net
Micheal,Sandoval,47,jesusdickson@example.net
Deborah,Gates,90,preed@example.com
William,Rogers,90,lancesullivan@example.org
Melissa,Cooper,40,ahall@example.org
Rick,Williams,None,eayers@example.net
Kathryn,Peterson,96,denisefox@example.net
Edward,Roth,64,tfoley@example.net
Ryan,Winters,63,thompsonvanessa@example.net
Philip,Blake,43,brittanyrogers@example.org
Kimberly,Ortiz,70,thomasdonna@example.com
Kenneth,Perez,54,frankwalton@example.com
Christopher,Costa,???,nhaley@example.org
Terri,Moses,37,cory61@example.org
Sherri,Jones,N/A,davidsonsamantha@example.net
Timothy,Foster,44,sotomary@example.net
Daniel,Patterson,None,cynthiascott@example.com
Kurt,Ward,83,wroberts@example.net
Martin,Conrad,76,olsoncaroline@example.net
Tara,Thomas,44,seangeorge@example.com
Janice,Nguyen,???,robert86@example.org
Danielle,Grimes,36,hjensen@example.org
Chelsey,Torres,20,jilljohnson@example.org
Scott,Davis,35,bonnie78@example.net
Robert,Fleming,None,lwade@example.com
Christopher,Wilson,N/A,christopher95@example.org
Lori,Lucero,57,schwartzbrandi@example.org
Karen,Vazquez,N/A,owensanne@example.net
Alexander,Weaver,???,nshea@example.com
Tracie,Rivers,27,sanfordbreanna@example.org
Stephen,Armstrong,85,barberjudy@example.org
John,Liu,53,ryan85@example.com
Michelle,Medina,39,omiller@example.net
Brandon,Frost,67,dreid@example.net
Meghan,Allen,87,eric24@example.org
Lauren,Williams,68,jgonzales@example.com
Mary,Malone,44,eray@example.net
Michael,Potter,???,ashleejohnston@example.org
Mark,Miller,19,traviskimberly@example.com
Robin,Jones,55,kingjulia@example.org
Christian,Graham,20,barbarahenson@example.com
Ellen,Cook,90,tinacarroll@example.com
Stephen,Wiley,76,amandarussell@example.org
Kenneth,Cowan,N/A,alexandra80@example.com
Noah,White,None,danielmoore@example.com
Bryan,Horne,24,melindasmith@example.com
Rebecca,Rojas,56,thomas75@example.org
Shannon,Christian,32,robert43@example.org
Aaron,Rivera,36,hessnancy@example.com
Terri,Holt,82,kwilcox@example.org
Sierra,Pierce,87,jamesbaldwin@example.net
Kylie,White,55,valdezjason@example.org
Devin,Day,N/A,kelly76@example.org
Laura,Vincent,22,chambersisaac@example.org
Kristen,Carter,50,michaelhill@example.org
Sarah,Haley,35,bethany61@example.org
Christopher,Anderson,47,cameronmaddox@example.net
Michael,Scott,38,ortegacody@example.org
Derek,Munoz,None,rossemily@example.com
Michelle,Ross,54,phillipporter@example.org
Michael,Kelly,None,beanjoseph@example.com
Sean,Brown,66,vnelson@example.com
Samantha,Nguyen,???,wangkatelyn@example.net
Joseph,Hawkins,24,brewersean@example.net
Alexa,Morgan,81,douglas31@example.net
Debra,Cook,53,katherine34@example.org
Brandon,Allen,81,sanchezjared@example.net
Lisa,Abbott,28,efigueroa@example.net
Jenny,Fernandez,97,hannah97@example.net
Andrew,Le,N/A,jillian09@example.org
Jamie,Tran,59,darrenlopez@example.org
Jeffrey,Wilson,43,andersondanielle@example.net
Angela,Wagner,45,michael13@example.org
Monica,Thornton,73,castillodonald@example.com
Sergio,Baker,39,leonbrandi@example.org
Katherine,Jones,35,cmedina@example.com
Michael,Scott,51,catherine80@example.org
Roger,Moore,63,ashley15@example.com
Nicholas,Reid,49,hclay@example.com
Darrell,Wagner,34,ucameron@example.org
David,Bartlett,58,roberthenry@example.org
Eric,Sexton,90,medinagina@example.com
Erin,Weber,72,akelley@example.net
Andrea,Mitchell,35,princejacqueline@example.net
Ashley,Grant,80,rsanchez@example.com
Vincent,Anderson,???,susan77@example.org
Reginald,Riley,29,breed@example.com
Jamie,Ellis,53,markvargas@example.com
Dale,Wells,55,donnamcintyre@example.net
Janet,Allen,None,paul79@example.com
Megan,Spencer,???,christine35@example.com
Diana,Peterson,None,villanuevaandrew@example.com
John,Hill,???,carriewalter@example.com
Duane,Hernandez,69,lisa06@example.net
Earl,Boyd,N/A,lorithomas@example.com
Savannah,Lewis,59,cynthialynch@example.net
Scott,Hurley,83,michealstephens@example.org
Ashley,Carroll,80,jennifer74@example.com
Meredith,Garcia,84,pmoss@example.com
Wendy,Bell,55,aimee67@example.org
Tracy,Silva,30,masondonna@example.org
David,Hernandez,65,tjohns@example.com
Javier,Estes,49,qevans@example.com
Roy,Baird,56,james91@example.com
Anna,Wolf,24,briandiaz@example.com
Christopher,Ballard,23,robinsoncarrie@example.org
Andrew,Lopez,26,nmartinez@example.net
Teresa,Gibson,39,rebeccagonzales@example.net
Angela,Ho,None,rhondabridges@example.net
Austin,Carr,49,ruth88@example.net
Lance,Gonzalez,33,danielleleon@example.com
Melissa,Thomas,63,melindawhite@example.net
Jennifer,Stark,25,aaronblack@example.org
Richard,Matthews,91,kimberly90@example.org
Maria,Morton,77,paynedwayne@example.org
Aaron,Wood,55,harpersarah@example.com
Joe,Park,30,yulauren@example.org
Nancy,Morgan,21,robinwilliams@example.org
Eric,Rogers,94,melissa90@example.com
Scott,Meyer,N/A,jeffreywade@example.org
Gina,Mooney,52,fuentesjesse@example.org
Steven,Collins,49,dunnmegan@example.com
Caitlyn,Weiss,86,elizabeth50@example.org
Elizabeth,Martin,89,mark18@example.net
Jason,Thomas,42,ashleydurham@example.net
Lori,Jordan,78,hugheskaren@example.net
Edward,Collins,97,markjohnson@example.org
Mark,Harrington,None,wesleywright@example.net
Andrea,Cohen,40,bakergregory@example.com
Brandon,Daniel,22,thomaswilliams@example.org
Thomas,Tate,24,lcoleman@example.org
Robert,Tucker,93,jennifermerritt@example.net
Lisa,Jones,18,mmcclain@example.net
Adam,Myers,70,erika41@example.net
Rebecca,Stephens,87,nallison@example.com
James,Alexander,96,woodssarah@example.com
Frank,Marsh,???,jeremygiles@example.org
Gary,Williamson,92,fsmith@example.org
Rhonda,Potter,67,tbarton@example.net
Savannah,White,???,laurendaugherty@example.com
Diane,Andrews,70,rodney70@example.net
Patricia,Fox,???,ohart@example.com
Bonnie,Holmes,99,patrick60@example.net
David,Ochoa,52,jlucero@example.org
Jenna,Martinez,96,maria53@example.org
Jeremy,Curry,N/A,tylercunningham@example.com
Stephanie,Cole,42,timothy34@example.org
Nicole,Hicks,None,danieldavis@example.com
Rebecca,Cruz,79,jacquelinemartinez@example.net
Alyssa,Gonzalez,???,robertlynn@example.net
Madeline,Perez,61,maria24@example.com
Joseph,Evans,21,etodd@example.com
Robert,Howe,40,rhonda59@example.com
Elizabeth,Vega,18,brucemeyers@example.net
Jorge,Alvarez,65,mweaver@example.com
April,Green,90,dennis22@example.net
Rodney,Douglas,87,anthonychan@example.com
Jonathan,King,None,jessica94@example.com
Mary,Schaefer,56,achoi@example.com
Kari,Rodriguez,85,patriciacarter@example.org
Grace,Hunt,None,jennifer71@example.com
Dawn,Chang,60,karenmcdonald@example.com
Cynthia,Mullen,69,christophergarcia@example.org
Jeremiah,Gardner,32,hespinoza@example.com
Ellen,Kennedy,45,uthomas@example.net
Jacqueline,Hobbs,N/A,yturner@example.net
Kristen,Fisher,18,maria91@example.org
Amanda,Newman,???,woodseric@example.com
Logan,Johnson,None,chriswade@example.com
Alex,Brooks,46,oguerra@example.com
Mary,Jordan,20,vincentsullivan@example.com
Monica,Moody,67,michaelhensley@example.org
John,Wiley,???,sarah00@example.org
Theresa,Brennan,68,jeffrey50@example.com
Adam,Pearson,23,xking@example.com
Timothy,Porter,31,duransamantha@example.net
Jackie,George,49,everettaaron@example.net
Ernest,Diaz,43,hernandezwesley@example.net
Charles,Williams,N/A,sarah03@example.org
Stacey,Welch,74,zcoleman@example.org
Jessica,King,32,barrdeborah@example.org
Alan,Willis,71,bsimpson@example.org
Amy,Kirby,97,umeyer@example.net
Samantha,Mack,60,rosetaylor@example.net
Justin,Hebert,98,jfox@example.com
Jonathan,Ware,98,marcus81@example.com
John,Mcdonald,None,njackson@example.org
Krista,Anderson,N/A,maria01@example.net
Ronnie,Jones,94,dixonmichael@example.net
Nathan,Adams,92,sherylmcdonald@example.com
Thomas,Jones,None,daniel35@example.net
Mike,Wright,78,fstephens@example.org
Cynthia,White,None,debra04@example.org
Patricia,Collins,28,andersonjames@example.org
James,Brown,60,bharris@example.net
Craig,Holmes,None,blackchristopher@example.org
Heather,Nelson,89,rodriguezangela@example.net
Cheryl,Chavez,27,halldarren@example.net
Lisa,Hays,34,michael54@example.net
Andrea,Johnson,None,destiny87@example.com
Emily,Jones,77,ryan73@example.com
Elizabeth,Gomez,83,obrienlauren@example.com
Terri,Horn,96,saradavis@example.net
Yesenia,Copeland,50,tiffanymartin@example.net
Douglas,Miller,69,lori33@example.org
Joseph,Kane,36,jamesgarcia@example.net
Melvin,Mccarthy,43,brian05@example.net
Virginia,Chavez,81,jessica78@example.com
Donald,White,36,tharvey@example.net
Amanda,Peterson,???,paulhardy@example.net
Emily,Harmon,44,zsilva@example.com
Melissa,Hendricks,99,ucolon@example.net
Laurie,Williams,21,pamelabowers@example.net
Kimberly,Mccoy,38,stephanie76@example.org
Patrick,Wallace,N/A,oday@example.net
Lauren,Bean,N/A,theresadavid@example.com
Caitlyn,Morris,83,chavezmark@example.net
Christina,Nguyen,98,patriciahill@example.net
Scott,Garza,27,gsmith@example.net
Thomas,Keller,86,hugheslisa@example.org
Elaine,Nguyen,None,zacharyjohnson@example.com
Jason,Hughes,30,jerrysilva@example.net
Eric,Davila,82,alan48@example.com
Dustin,Mercado,41,ashley22@example.org
Brandon,Reilly,68,allison19@example.net
Kathleen,Chase,83,kevin19@example.org
Kevin,Garcia,21,fgeorge@example.net
Darlene,Kennedy,43,awu@example.org
Jessica,White,35,stephen44@example.org
Thomas,Butler,67,lanemichael@example.net
Mark,Blanchard,52,vlittle@example.org
Joseph,Carlson,28,brianperkins@example.com
Marisa,Aguirre,20,delgadotodd@example.org
Sean,Olson,25,asanchez@example.org
Thomas,Lamb,65,stephanie51@example.net
Beth,Conley,99,fhoward@example.com
Kristina,Molina,76,shelleykidd@example.net
Charles,Watson,71,lthompson@example.org
Jean,Rios,44,amykoch@example.org
Lorraine,Li,???,jordanbrenda@example.com
Jacqueline,Frazier,48,elucero@example.net
Michael,Jenkins,26,rachelwright@example.com
Christian,Robertson,96,lsoto@example.org
Rebecca,James,62,mendozarobert@example.net
Christopher,Curtis,58,gknapp@example.org
